company_name;website;sector;country;revenue_euros
4EVER, SRO;www.4ever.cz;Manufacturing;Czech Republic;40M to 50M
77 Elektornika Kft;www.en.e77.hu;Manufacturing;Hungary;75M to 100M
7N A/S;www.7n.com;IT Technology;Denmark;75M to 100M
A. Mintikkis Farm;www.mintikkis.com;Wholesale;Cyprus;30M to 40M
Aarstiderne A/S;www.aarstiderne.com;Consumer Services;Denmark;75M to 100M
AB Åbro Bryggeri;www.abro.se;Food & Drink;Sweden;100M to 150M
Ableton;www.ableton.com;Technology;Germany;30M to 40M
Absolute;www.absoluteyachts.com;Manufacturing & Engineering;Italy;40M to 50M
Aceites Abril S.L.;www.aceitesabril.com;Food & Drink;Spain;150M to 250M
Aceitunas Cazorla;www.aceitunascazorla.com;Food & Drink;Spain;100M to 150M
Acmi;www.acmispa.it;Manufacturing & Engineering;Italy;75M to 100M
Acne Studios AB;www.acnestudios.com;Manufacturing;Sweden;100M to 150M
Acone Associati;www.aconeassociati.it;Marketing;Italy;40M to 50M
Acorus ;www.groupe-acorus.fr;Construction/Property;France;100M to 150M
ACT;www.act.de;Wholesale;Germany;100M to 150M
Actemsa ;www.actemsa.com;Food & Drink;Spain;100M to 150M
Adam Hall;www.adamhall.com;Technology;Germany;75M to 100M
Adamed SP Z.O.O ;www.adamed.com.pl;Pharmaceutical/Science;Poland;100M to 150M
ADLER Czech, a.s.;www.adler.info;Textiles;Czech Republic;20M to 30M
Aerogen;www.aerogen.com;Pharmaceutical/Science;Ireland;40M to 50M
AGRIFREDA SA;www.agrifreda.gr;Food & Drink;Greece;20M to 30M
Agro Fruit;www.agrofruitsrl.it;Agriculture/Farming/Forestry;Italy;20M to 30M
Agro Sourcing;www.agrosourcing.com;Wholesale;France;20M to 30M
AgroBiothers;www.agrobiothers.com;Retail;France;50M to 75M
AGROVIM;www.agrovim.gr;Food & Drink;Greece;40M to 50M
Agru;www.agru.at;Manufacturing;Austria;150M to 250M
Aguettant Sante;www.aguettant.fr;Pharmaceutical/Science;France;100M to 150M
Åhlin & Ekeroth Byggnads AB;www.ahlin-ekeroth.se;Construction/Property;Sweden;20M to 30M
AISCI Ident;www.aisci.de;Electronics;Germany;20M to 30M
Akrapovic d.d.;www.akrapovic.com;Manufacturing;Slovenia;75M to 100M
Albrecht Bäumer;www.baeumer.com;Manufacturing & Engineering;Germany;50M to 75M
Aldinger;www.aldinger-gmbh.de;Manufacturing;Germany;40M to 50M
Alegri;www.alegri.eu;IT Technology;Germany;30M to 40M
AlfaPeople;www.alfapeople.com;IT Technology;Denmark;30M to 40M
Alland et Robert ;www.allandetrobert.com;Manufacturing;France;40M to 50M
Alteca;www.alteca.fr;IT Technology;France;30M to 40M
Altilis Nutrition Animale ;www.altilis.fr;Manufacturing;France;20M to 30M
Aludec;www.aludec.com;Manufacturing & Engineering;Spain;75M to 100M
Amels;www.amels-holland.com;Manufacturing & Engineering;Netherlands;150M to 250M
AmériGo;www.amerigo.fr;Travel/Leisure;France;20M to 30M
Amitec Oy;www.amitec.fi;Technology;Finland;20M to 30M
Amplus SP Z.O.O.;www.amplusfoods.com;Wholesale;Poland;100M to 150M
AMS Metal;www.amsmetal.pl;Manufacturing;Poland;50M to 75M
ANDA Present Group;www.andapresent.hu;Retail;Hungary;20M to 30M
Andelslaget Närpes Grönsaker;www.narpesgronsaker.fi;Agriculture/Farming/Forestry;Finland;40M to 50M
Angus Soft Fruits Ltd;www.angussoftfruits.co.uk;Food & Drink;United Kingdom;100M to 150M
Annabella;www.annabella.ro;Retail;Romania;10M to 20M
ANS Group;www.ans.co.uk;Technology;United Kingdom;50M to 75M
Ansion Sementtivalimo Oy;www.asv.fi;Construction/Property;Finland;10M to 20M
Antonio Ruggiero S.p.A;www.antonioruggiero.com;Agriculture/Farming/Forestry;Italy;40M to 50M
Appalette Tourtellier Systemes ;www.ats-group.com;Manufacturing;France;20M to 30M
Apra-Gruppe;www.apra.de;Electronics;Germany;40M to 50M
Aprojects;www.aprojects.be;Transportation;Belgium;20M to 30M
Aramis Group;www.aramisgroup.ro;Consumer Services;Romania;150M to 250M
Architectural Aluminium;www.arc-al.com;Construction/Property;Ireland;40M to 50M
Arclite;www.arclite.de;Wholesale;Germany;30M to 40M
Argenta cerámica S.L.;www.argentaceramica.com;Manufacturing;Spain;150M to 250M
Arimex Bratislava spol. s ro;www.arimex.sk;Agriculture/Farming/Forestry;Slovakia;50M to 75M
Armitage Pet Care;www.armitages.co.uk;Manufacturing;United Kingdom;40M to 50M
Aromatech ;www.aromatech.fr;Manufacturing;France;20M to 30M
Aroma-Zone ;www.aroma-zone.com;Consumer Services;France;40M to 50M
Assmann Büromöbel;www.assmann.de;Manufacturing;Germany;100M to 150M
Astier Demarest SA;www.astierdemarest.com;Chemicals;France;20M to 30M
ATUNSA;www.atunsa.com;Agriculture/Farming/Forestry;Spain;75M to 100M
August Friedberg;www.august-friedberg.com;Manufacturing;Germany;50M to 75M
AURA Energy;www.aura.dk;Energy;Denmark;30M to 40M
Auriga;www.aurigaspa.com;IT Technology;Italy;20M to 30M
Australie;www.australie.com;Marketing;France;30M to 40M
Autocarrozzeria Imperiale;www.imperialegroup.it;Motor vehicle retail;Italy;20M to 30M
AutoPart SP. Z.O.O. ;www.autopart.pl;Manufacturing & Engineering;Poland;50M to 75M
Auxiliar Conservera SA;www.auxiliarconservera.es;Packaging facilities;Spain;150M to 250M
Auzou ;www.auzou.fr;Media;France;20M to 30M
Avantgarde;www.avantgarde.net;Marketing;Germany;150M to 250M
Aviland 2001 Kft;www.aviland.hu;Wholesale;Hungary;20M to 30M
Avodaq;www.avodaq.com;IT Technology;Germany;30M to 40M
Aweta G&P B.V.;www.aweta.nl;Machining;Netherlands;40M to 50M
Axis Security Services Ltd;www.axis-security.co.uk;Security;United Kingdom;50M to 75M
B Meters;www.bmeters.com;Utilities;Italy;20M to 30M
B&B Collection;www.bbcollection.ro;Retail;Romania;50M to 75M
Bader;www.bader-leather.com;Textiles;Germany;75M to 100M
Bakery;www.bakery-spa.it;Food & Drink;Italy;20M to 30M
BÄKO;www.baeko.at;Wholesale;Austria;75M to 100M
Ballande et Meneret ;www.ballande-meneret.com;Wholesale;France;75M to 100M
Banham Poultry Limited;www.banhampoultryuk.com;Agriculture/Farming/Forestry;United Kingdom;150M to 250M
Barfoots;www.barfoots.com;Agriculture/Farming/Forestry;United Kingdom;150M to 250M
Barhale Ltd ;www.barhale.co.uk;Construction/Property;United Kingdom;75M to 100M
Barlinek S.A.;www.barlinek.com;Manufacturing;Poland;150M to 250M
Baumann;www.baumann-automation.com;Machining;Germany;50M to 75M
BE | Allbrass Industrial;www.be-allbrassindustrial.com;Engineering;Netherlands;40M to 50M
Becker;www.becker-antriebe.com;Electronics;Germany;50M to 75M
Belgian Pork Group;www.belgianporkgroup.com;Food & Drink;Belgium;75M to 100M
Benders;www.benders.se;Manufacturing;Sweden;100M to 150M
Bent Brandt A/S;www.bentbrandt.dk;Wholesale;Denmark;50M to 75M
Bergkvist-Insjon AB;www.bergkvist-insjon.se;Agriculture/Farming/Forestry;Sweden;100M to 150M
BERLAT GRUPA SIA;www.berlat.lv;Food & Drink;Latvia;20M to 30M
BES Utilities;www.besutilities.co.uk/bes-electricity;Utilities;United Kingdom;75M to 100M
Besko Interieur;www.besko.com;Retail;Austria;40M to 50M
Betamotor;www.betamotor.com;Motor vehicle retail;Italy;75M to 100M
BFE;www.bfe.tv;Media;Germany;40M to 50M
BHS-Sonthofen ;www.bhs-sonthofen.de;Manufacturing & Engineering;Germany;75M to 100M
BIA Kunststoff;www.bia-kunststoff.de;Manufacturing;Germany;100M to 150M
BIG Arbeitsschutz;www.big-arbeitsschutz.de;Clothing;Germany;50M to 75M
Billetten A/S;www.billetten.dk;Consumer Services;Denmark;50M to 75M
Biocombustibles;www.biocombustibles.fr;Environmental Services;France;20M to 30M
Biolait;www.biolait.eu;Food & Drink;France;75M to 100M
Biolandes SA;www.biolandes.com;Manufacturing;France;50M to 75M
Biondini Paris;www.biondiniparis.com;Retail;France;20M to 30M
Bionorica;www.bionorica.de;Pharmaceutical/Science;Germany;250M+
Biotone Technologie;www.biotone.fr;Technology;France;20M to 30M
Blue Whale ;www.blue-whale.com;Wholesale;France;250M+
BMD Systemhaus;www.bmd.com;IT Technology;Austria;40M to 50M
BMR;www.bmr.it;Manufacturing;Italy;50M to 75M
Boge;www.boge.com;Manufacturing;Germany;100M to 150M
Bollo International Fruits;www.frutasbollo.es;Food & Drink;Spain;100M to 150M
Bona AB;www.bona.com;Chemicals;Sweden;150M to 250M
Bonliva;www.bonliva.se;Employment Services;Sweden;40M to 50M
boss design;www.bossdesign.com;Design & Manufacturing;United Kingdom;40M to 50M
Bovagne Freres;www.bovagne-freres.com;Construction/Property;France;20M to 30M
Bowden Group ;www.bowden-group.fr;Machining;France;20M to 30M
Box Technologies Ltd;www.boxtechnologies.com;IT Technology;United Kingdom;40M to 50M
Bradbury & Son (Buxton) Ltd;www.bradburyscheese.co.uk;Food & Drink;United Kingdom;75M to 100M
Bradfords Building Supplies;www.bradfords.co.uk;Construction/Property;United Kingdom;100M to 150M
Brainloop;www.brainloop.com;IT Technology;Germany;20M to 30M
Bribus B.V.;www.bribus.nl;Manufacturing;Netherlands;50M to 75M
Bridge of Weir Leather Company;www.bowleather.com;Manufacturing;United Kingdom;100M to 150M
Briggs & Forrester;www.briggsandforrester.co.uk;Construction/Property;United Kingdom;100M to 150M
Brioche Pasquier;www.briochepasquier-pro.com;Food & Drink;France;50M to 75M
Brio'Gel;www.briogel.com;Food & Drink;France;20M to 30M
Bronze Alu;www.bronze-alu.com;Manufacturing & Engineering;France;40M to 50M
BRW Filmland;www.brwfilmland.it;Media;Italy;20M to 30M
Buchholz Hydraulik;www.buchholz-hydraulik.de;Manufacturing;Germany;50M to 75M
Bürstenmann;www.buerstenmann.com;Manufacturing;Germany;30M to 40M
Busy Bees Day Nuseries ltd;www.busybeeschildcare.co.uk;Consumer Services;United Kingdom;50M to 75M
Buxton Building Contractors Limited;www.buxtonbuilding.co.uk;Construction/Property;United Kingdom;50M to 75M
BuzziSpace;www.buzzi.space;Design;Belgium;30M to 40M
C. H. Müller;www.chmueller.com;Manufacturing;Germany;50M to 75M
C.P.C.;www.cpcgroup.it;Manufacturing;Italy;40M to 50M
Caffè Borbone;www.caffeborbone.it;Food & Drink;Italy;50M to 75M
Caffo;www.caffo.com;Food & Drink;Italy;50M to 75M
Calconut;www.calconut.com;Import/Export;Spain;100M to 150M
Canoliva;www.canoliva.com;Food & Drink;Spain;50M to 75M
Cantabria Labs;www.cantabrialabs.com;Pharmaceutical/Science;Spain;100M to 150M
Canyon;www.canyon.com;Manufacturing;Germany;150M to 250M
Cappagh Contractors Construction ltd ;www.cappagh.co.uk;Construction/Property;United Kingdom;50M to 75M
Care Unbound Limited;www.hereweare.org.uk;Pharmaceutical/Science;United Kingdom;50M to 75M
Caredio Group;www.carediogroup.com;Transportation;Italy;20M to 30M
CareMalta;www.caremalta.com;Consumer Services;Malta;20M to 30M
Caritas Lebenswelten;www.caritas-lebenswelten.de;Professional Services;Germany;20M to 30M
Carl Polzin;www.c-polzin.de;Logistics;Germany;20M to 30M
Carpet Concept ;www.carpet-concept.de;Textiles;Germany;20M to 30M
Carro-Bel;www.carrobel.be;Construction/Property;Belgium;20M to 30M
Castiglia;www.castigliasrl.it;Environmental Services;Italy;30M to 40M
Cave Coopérative de Vinification du Razes;www.cavedurazes.com;Food & Drink;France;10M to 20M
cbs Corporate Business Solutions;www.cbs-consulting.com;IT Technology;Germany;50M to 75M
CCI Eurolam ;www.ccieurolam.com;Wholesale;France;20M to 30M
CCS Media Ltd;www.ccsmedia.com;IT Technology;United Kingdom;150M to 250M
CDE Global Ltd;www.cdeglobal.com;Manufacturing;United Kingdom;50M to 75M
Cenfarte;www.cenfarte.es;Consumer Services;Spain;100M to 150M
Cerealis;www.cerealis.pt;Agriculture/Farming/Forestry;Portugal;100M to 150M
Cesi;www.cesi.fr;Education;France;30M to 40M
Champagne Billertcart-Salmon ;www.champagne-billecart.fr;Food & Drink;France;50M to 75M
Charlie Bigham's;www.bighams.com;Food & Drink;United Kingdom;50M to 75M
Chateau d'Esclans;www.esclans.com;Food & Drink;France;30M to 40M
Childrensalon ;www.childrensalon.com;Retail;United Kingdom;50M to 75M
Chinatool UK Limited;ct-automotive.net;Manufacturing;United Kingdom;40M to 50M
Chr. Olesen A/S;www.chr-olesen.dk;Pharmaceutical/Science;Denmark;150M to 250M
CIACAM;www.ciacam.com;Wholesale;France;40M to 50M
Ciar;www.ciar.it;Manufacturing;Italy;30M to 40M
Cinoco;www.cinoco.com;Food & Drink;Belgium;30M to 40M
Cislion Ltd;www.cisilion.com;IT Technology;United Kingdom;50M to 75M
Clark Contracts;www.clarkcontracts.com;Construction/Property;United Kingdom;50M to 75M
Clauger;www.clauger.fr;Manufacturing & Engineering;France;100M to 150M
Claus Reformwaren Service Team;www.claus-gmbh.de;Wholesale;Germany;100M to 150M
CLC Group;www.clcgroup.com;Construction/Property;United Kingdom;100M to 150M
Click Travel Limited;www.clicktravel.com;Travel/Leisure;United Kingdom;150M to 250M
Club Opticlibre;www.opticlibre.com;Wholesale;France;100M to 150M
Club Travel;www.clubtravel.ie;Travel/Leisure;Ireland;100M to 150M
CM BV;www.cm.com;Telecommunications;Netherlands;40M to 50M
CMB Engineering LTD;www.cmbengineering.co.uk;Engineering;United Kingdom;50M to 75M
Co.ca.ma.;www.cocama.it;Retail;Italy;40M to 50M
COBA;www.coba-osnabrueck.de;Wholesale;Germany;100M to 150M
Cobana;www.cobana-fruchtring.com;Wholesale;Germany;250M+
Coenergia;www.coenergia.com;Energy;Italy;30M to 40M
Cofarca - Cooperativa Farmacéutica Canaria;www.cofarca.es;Pharmaceutical/Science;Spain;150M to 250M
Coffee Team;www.coffeeteam.be;Wholesale;Belgium;50M to 75M
Coilinter;www.coilinter.de;Wholesale;Germany;100M to 150M
Colfiorito;www.colfiorito.it;Food & Drink;Italy;30M to 40M
Colines;www.colines.it;Manufacturing & Engineering;Italy;40M to 50M
Comacchio ;www.comacchio.com;Manufacturing & Engineering;Italy;50M to 75M
Comini;www.comini.eu;Wholesale;Italy;40M to 50M
Compagnia Alimentare Italiana;www.alimentareitaliana.it;Food & drink;Italy;20M to 30M
Comping;www.comping.hr;IT Technology;Croatia ;20M to 30M
Conclusion FIT;www.conclusionfit.nl;IT Technology;Netherlands;50M to 75M
Conditess;www.conditess.de;Food & Drink;Germany;100M to 150M
Conesa Group;www.conesagroup.com;Food & Drink;Spain;100M to 150M
Congelados De Navarra, S.A.U;www.congeladosnavarra.com;Food & Drink;Spain;100M to 150M
Connect Srl;www.connectsrl.biz;Wholesale;Italy;20M to 30M
Contipro;www.contipro.com;Pharmaceutical/Science;Czech Republic;20M to 30M
Cool Gray A/S;www.coolgray.dk;Marketing;Denmark;20M to 30M
Cooperative Bureau Couecou ;www.couecou.fr;Wholesale;France;20M to 30M
Cooperative la Tricherie or La Tricherie ;www.cooptricherie.fr;Agriculture/Farming/Forestry;France;30M to 40M
Corby Rock Mill;www.corbyrock.ie;Agriculture/Farming/Forestry;Ireland;50M to 75M
Cosmos Sport;www.cosmossport.gr;Retail;Greece;20M to 30M
Couro Azul;www.couroazul.pt;Motor Vehicle Retail;Portugal;50M to 75M
Cramer;www.cramer-edeka.de;Wholesale;Germany;100M to 150M
Crisp Malting Group;www.crispmalt.co;Food & Drink;United Kingdom;150M to 250M
Cristaltec;www.cristaltec.it;Electronics;Italy;30M to 40M
Cruard Charpente et Construction Bois;www.cruard-charpente.com;Construction/Property;France;20M to 30M
Crystalite Bohemia;www.crystalite.org;Manufacturing;Czech Republic;40M to 50M
Cyber Group Studios;www.cybergroupstudios.com;Media;France;20M to 30M
CYEB;www.cyeb.eu;Energy;Hungary;75M to 100M
Daltys;www.daltys.com;Wholesale;France;20M to 30M
Daniel Wellington;www.danielwellington.com;Retail;Sweden;150M to 250M
Darekon;www.darekon.fi;Manufacturing;Finland;30M to 40M
D'arpeje;www.darpeje.com;Manufacturing;France;20M to 30M
DAS Enviromental Experts;www.das-ee.com;Environmental Services;Germany;75M to 100M
David Wood Baking Ltd;www.davidwoodfoods.com;Food & Drink;United Kingdom;75M to 100M
dbfoods ltd;www.dbfoods.co.uk;Wholesale;United Kingdom;100M to 150M
De Jong Verpakking BV;www.dejongverpakking.com;Packaging facilities;Netherlands;150M to 250M
De Jong Zuurmond Infrabeheer, Onderhoud & Services BV.;www.dejongzuurmond.nl;Manufacturing;Netherlands;50M to 75M
Decora;www.decora.co.uk;Manufacturing;United Kingdom;50M to 75M
Deep Sea Electronics;www.deepseaplc.com;Manufacturing;United Kingdom;40M to 50M
Delicia;www.delicia.nl;Food & Drink;Netherlands;50M to 75M
Demensen;www.demensen.be;Media;Belgium;40M to 50M
Demeter-Felderzeugnisse;www.felderzeugnisse.de;Wholesale;Germany;30M to 40M
Den Berk;www.denberk-delice.be;Food & Drink;Belgium;20M to 30M
Derrycourt Cleaning Specialists;www.derrycourt.ie;Cleaning Services;Ireland;20M to 30M
DFM SP Z.O.O;www.dfm.pl;Manufacturing;Poland;75M to 100M
DFV Mediengruppe;www.dfv.de;Media;Germany;100M to 150M
Diadeis MK;www.diadeis.com;Marketing;France;20M to 30M
DiaDom;www.diadom.com;Consumer Services;France;20M to 30M
Diamond House;www.diamondhouse.be;Retail;Belgium;30M to 40M
Digicom;www.b810group.it;Technology;Italy;20M to 30M
Dimo Software;www.dimosoftware.fr;IT Technology;France;20M to 30M
Distriboissons ;www.distriboissons.com;Wholesale;France;50M to 75M
DistriWan;www.distriwan.fr;IT Technology;France;20M to 30M
Dixon Transport;www.dixontransport.com;Transportation;Ireland;20M to 30M
Dobrogea Grup;www.dobrogeagrup.ro;Food & Drink;Romania;30M to 40M
Domaine De Coteaux;www.domaine-coteaux.com;Wholesale;France;20M to 30M
Dorfner Gruppe;www.dorfner-gruppe.de;Facilities Services;Germany;100M to 150M
DOT A/S;www.dot-nordic.com;Engineering;Denmark;50M to 75M
Doumen ;www.doumen.fr;Logistics;France;50M to 75M
DPSA;www.dpsa-securite.fr;Security;France;20M to 30M
Dr Frohn;www.dr-frohn.de;Manufacturing;Germany;20M to 30M
Düllberg Konzentra ;www.duellberg-konzentra.de;Chemicals;Germany;40M to 50M
Dunea;www.dunea.nl;Utilities;Netherlands;100M to 150M
Durbin PLC;www.durbinglobal.com;Health;United Kingdom;75M to 100M
Dynami Group;www.dynami-aviation.com;Aviation Services;France;20M to 30M
E.E. Smith Contracts Limited;www.eesmith.co.uk;Design;United Kingdom;40M to 50M
Eckerle;www.eckerle.com;Manufacturing;Germany;40M to 50M
Edenhouse Solutions LTD;www.edenhousesolutions.co.uk;IT Technology;United Kingdom;40M to 50M
EGEO;www.egeo.pt;Environmental Services;Portugal;50M to 75M
EK/Servicegroup;www.ek-servicegroup.de;Wholesale;Germany;150M to 250M
Ekibo group;www.ekibio.fr;Wholesale;France;75M to 100M
Elbek & Vejrup A/S;www.elbek-vejrup.dk;IT Technology;Denmark;10M to 20M
Electtronica;www.mbelettronica.com;Electronics;Italy;30M to 40M
Elektro Rösler;www.elektro-roesler.de;Technology;Germany;20M to 30M
Elettrosud ;www.elettrosud-group.com;Manufacturing;Italy;30M to 40M
Elexys;www.elexys.be;Utilities;Belgium;50M to 75M
ELVIAL;www.elvial.gr;Manufacturing;Greece;50M to 75M
ELVIM SIA;www.elvim.lv;Health;Latvia;30M to 40M
Emicela, S.A.;www.emicela.es;Food & Drink;Spain;100M to 150M
EMZ;www.emz-hanauer.de;Electronics;Germany;75M to 100M
Endava Ltd;www.endava.com;IT Technology;United Kingdom;100M to 150M
Energifabriken;www.energifabriken.se;Energy;Sweden;20M to 30M
Enza Zaden Beheer B.V.;www.enzazaden.com;Consumer services;Netherlands;150M to 250M
EP S.p.A.;www.epspa.it;Food & Drink;Italy;100M to 150M
EPS Global;www.epsglobal.com;Electronics;Ireland;30M to 40M
Equip Outdoor technologies UK Ltd;www.equipuk.com;Clothing (Manufacturing);United Kingdom;40M to 50M
Erhardt+Leimer;www.erhardt-leimer.com;Technology;Germany;75M to 100M
Ernesto Ventós S.A.;www.ventos.com;Chemicals;Spain;100M to 150M
Errigal Bay;www.errigalbay.com;Wholesale;Ireland;20M to 30M
Esband;www.esband.de;Manufacturing;Germany;40M to 50M
Espace 4 Retail;www.espace4.fr;Construction/Property;France;50M to 75M
Eurocircuits;www.eurocircuits.com;Electronics;Belgium;20M to 30M
Eurofirms;www.eurofirms.es;Professional Services;Spain;150M to 250M
Eurogast Grissemann;www.grissemann.at;Wholesale;Austria;50M to 75M
Eurol BV.;www.eurol.com;Chemicals;Netherlands;50M to 75M
Europlant;www.europlant.biz;Food & Drink;Germany;100M to 150M
Everyone Active;www.everyoneactive.com;Fitness & Health;United Kingdom;150M to 250M
Evolution Foods ;www.evolutionfoods.co.uk;Food & Drink;United Kingdom;50M to 75M
Evopharm s.r.o;www.evopharm.eu;Pharmaceutical/Science;Slovakia;40M to 50M
Evros;www.evros.ie;IT Technology;Ireland;50M to 75M
Factory Systemes;www.factorysystemes.fr;IT Technology;France;30M to 40M
FAM;www.fam.be;Machining;Belgium;20M to 30M
Famadesa;www.famadesa.es;Food & Drink;Spain;150M to 250M
Farko SP. Z.O.O.;www.fakro.pl;Manufacturing;Poland;100M to 150M
Fastec;www.fastec.se;Construction/Property;Sweden;75M to 100M
Faure Technologies;www.faure-technologies.com;Wholesale;France;20M to 30M
Favor AS;www.favor.ee;Manufacturing;Estonia;20M to 30M
Fayard A/S;www.fayard.dk;Manufacturing & Engineering;Denmark;100M to 150M
Fecken-Kirfel;www.fecken-kirfel.de;Engineering;Germany;30M to 40M
Feldts Fisk & Skaldjur AB;www.fisk.se;Food & Drink;Sweden;100M to 150M
Felix O'Hare & Co. Ltd;www.felixohare.co.uk;Construction/Property;United Kingdom;50M to 75M
Felix Solis Avantis SA;www.felixsolisavantis.com;Wholesale;Spain;250M+
FELUWA;www.feluwa.de;Manufacturing & Engineering;Germany;20M to 30M
Ferdinand Zandbergen B.V.;www.fzandbergen.nl;Consumer Services;Netherlands;150M to 250M
FES Support Services Ltd;www.fes-group.co.uk;Construction/Property;United Kingdom;50M to 75M
Fildeltronik PolandSP Z.O.O.;fideltronik.com;Manufacturing & Engineering;Poland;150M to 250M
Filippetti;www.filippetti.it;IT Technology;Italy;20M to 30M
Finke Das Erlebnis-Einrichten;www.finke.de;Retail;Germany;150M to 250M
Finnebrogue Artisan ;www.finnebrogue.com;Food & Drink;United Kingdom;50M to 75M
Flamingo Horticulture;WWW.flamingo.net;Wholesale;United Kingdom;150M to 250M
Florensis International;www.florensis.com;Agriculture/Farming/Forestry;Netherlands;50M to 75M
Florette;www.florette.es;Food & Drink;Spain;150M to 250M
FN Neuhofer Holz;www.fnprofile.com;Manufacturing;Austria;40M to 50M
Foliateam;www.foliateam.com;IT Technology;France;20M to 30M
Follii Follie;www.follifollie.it;Retail;Italy;20M to 30M
Fontestad SA;www.fontestad.com;Wholesale;Spain;100M to 150M
Food-Bridge;www.foodbridge.ie;Import/Export;Ireland;75M to 100M
Force Sud;www.forcesud.fr;Agriculture/Farming/Forestry;France;20M to 30M
Forsk ;www.forsk.com;IT Technology;France;20M to 30M
Foselev;www.foselev.com;Energy;France;20M to 30M
Foss;www.fossanalytics.com;Engineering;Denmark;150M to 250M
Fossati PVC;www.fossatiserramenti.it;Manufacturing;Italy;20M to 30M
Fox Com Serv;www.foxcom.ro;Food & Drink;Romania;50M to 75M
Frais Embal;www.frais-embal.fr;Food & Drink;France;75M to 100M
Framtiden AB;www.framtiden.com;Employment Services;Sweden;30M to 40M
Frayssinet;www.groupe-frayssinet.fr;Chemicals;France;20M to 30M
FreiLacke;www.freilacke.com;Chemicals;Germany;100M to 150M
Freshtime;www.freshtime.co.uk;Wholesale;United Kingdom;75M to 100M
FRIBIN;www.fribin.es;Food & Drink;Spain;150M to 250M
Friedrich Deutsch Metallwerk ;www.metalldeutsch.com;Manufacturing;Austria;75M to 100M
Frieling ;www.frieling24.de;Wholesale;Germany;100M to 150M
Fristam Pumpen;www.fristam.de;Manufacturing;Germany;75M to 100M
Fromagerie Badoz;www.fromagerie-badoz.com;Food & Drink;France;30M to 40M
FRS;www.frs.de;Transportation;Germany;150M to 250M
Frutinter SL;www.frutinter.com;Wholesale;Spain;75M to 100M
Furrer;www.furrer.it;Construction/Property;Italy;20M to 30M
Fuseau;www.fuseau-sas.com;Food & Drink;France;40M to 50M
GAES;www.gaes.es;Health;Spain;150M to 250M
Gali Group;www.galigroup.com;Transportation;Italy;20M to 30M
Galli & Cassina;www.gallicassina.com;Manufacturing;Italy;30M to 40M
Gallier;www.gallier-orleans.fr;Facilities Services;France;20M to 30M
Gapuma (UK) Ltd ;www.gapuma.com;Chemicals;United Kingdom;75M to 100M
Garmo;www.garmo.de;Food & Drink;Germany;100M to 150M
Gasperlmair;www.glas-gasperlmair.at;Manufacturing;Austria;50M to 75M
GCI;www.gcichannelsolutions.com;IT Technology;United Kingdom;50M to 75M
Gedesco;www.maheso.com;Food & Drink;Spain;75M to 100M
Gefsinus;www.gefsinus.gr;Food & Drink;Greece;20M to 30M
Gelsenkraft;www.gelsenkraft.de;Energy;Germany;40M to 50M
Gerl Bauart;www.gerl-dental.de;Wholesale;Germany;100M to 150M
Geurts Janssen BV;www.geurts-janssen.nl;Manufacturing;Netherlands;50M to 75M
GEVA;www.geva.com;Business Services;Germany;50M to 75M
Giffard;www.giffard.com;Food & Drink;France;20M to 30M
Giró ;www.giro.es;Packaging facilities;Spain;100M to 150M
Gissler & Pass;www.gissler-pass.de;Packaging Facilities;Germany;100M to 150M
GKI;www.gki.at;Manufacturing;Austria;20M to 30M
Globachem;www.globachem.com;Chemicals;Belgium;100M to 150M
Globalfer;www.globalferspa.it;Engineering;Italy;40M to 50M
Globomatik;www.globomatik.com;IT Technology;Spain;75M to 100M
GMT Wintersteller;www.gmt-stahlbau.at;Manufacturing;Austria;30M to 40M
Gnosis Bioresearch;www.gnosis-bio.com;Chemicals;Italy;30M to 40M
GOM;www.gom.com;Technology;Germany;150M to 250M
Goma Elettronica;www.gomaelettronica.it;Technology;Italy;30M to 40M
Gommagomma;www.gommagomma.com;Manufacturing;Italy;20M to 30M
GP Wood;www.gpwood.ie;Agriculture/Farming/Forestry;Ireland;40M to 50M
Grainger & Worrall Ltd ;www.gwcast.com;Machining;United Kingdom;50M to 75M
GRANMAX;www.granmax.lt;Pharmaceutical/Science;Lithuania;30M to 40M
Gransolar Group;www.grs.energy;Energy;Spain;100M to 150M
Grecos Hoildays Sp zoo;www.grecos.pl;Travel/Leisure;Poland;100M to 150M
Greek Air Cargo;www.gac.gr;Logistics;Greece;20M to 30M
Greentech Distribution Plc;www.greentechplc.co.uk;Technology;United Kingdom;150M to 250M
Grespania Cerámica;www.grespania.com;Manufacturing;Spain;75M to 100M
Groningen Seaports NV;www.groningen-seaports.com;Logistics;Netherlands;50M to 75M
GROSBUSCH SARL;www.grosbusch.lu;Food & Drink;Luxembourg;40M to 50M
Ground Control Holdings Ltd;www.ground-control.co.uk;Landscape services;United Kingdom;100M to 150M
Group Chalvignac ;www.groupe-chalvignac.fr;Wholesale;France;20M to 30M
Group Serban;www.grup-serban.ro;Agriculture/Farming/Forestry;Romania;40M to 50M
Group7;www.group-7.de;Logistics;Germany;75M to 100M
GROUPAUTO International ;www.groupautointernational.com;Motor Vehicle Retail;France;40M to 50M
Groupe ADF;www.groupeadf.com;Engineering;France;30M to 40M
Groupe Aqulande;www.groupeaqualande.com;Food & Drink;France;75M to 100M
Groupe Colin (Colin Ingredients);www.colin-ingredients.com;Food & Drink;France;30M to 40M
Groupe Convivo;www.convivio.fr;Food & Drink;France;50M to 75M
Groupe Fed;www.groupefed.fr;Employment Services;France;50M to 75M
Groupe FINDIS ;www.groupefindis.fr;Wholesale;France;150M to 250M
Groupe LAUAK;www.groupe-lauak.com;Manufacturing;France;75M to 100M
Groupe Mericq;www.mericq.com;Wholesale;France;150M to 250M
Groupe Otim ;www.groupeoptim.fr;Professional Services;France;20M to 30M
Groupe Ozitem;www.groupeozitem.com;IT Technology;France;20M to 30M
Groupe SEDA;www.groupeseda.com;Wholesale;France;20M to 30M
Groupe Sweetcom;www.sweetcom.fr;Energy;France;20M to 30M
Groupe TSF;www.tsf.fr;Media;France;30M to 40M
Groupe Vitamine T;www.groupevitaminet.com;Employment Services;France;50M to 75M
Grup Batallé;www.batalle.com;Food & Drink;Spain;150M to 250M
Grupa Topex SP Z.O.O. SK.;www.grupatopex.com;Manufacturing;Poland;50M to 75M
Grupo Ibersnacks;www.grupoibersnacks.com;Food & Drink;Spain;75M to 100M
Grupo Mazo;www.grupomazo.com;Transportation;Spain;75M to 100M
Grupo Segura;www.fsegura.com;Manufacturing;Spain;75M to 100M
Gruppo Di Luca;www.diluca.se;Food & Drink;Sweden;100M to 150M
GSF;www.gsf.fr;Cleaning Services;France;20M to 30M
Guinault ;www.guinault-lebrun.com;Manufacturing & Engineering;France;40M to 50M
Gutbrod;www.gutbrod-ptfe.de;Manufacturing;Germany;75M to 100M
Guzman Global;www.guzmanglobal.com;Consumer Services;Spain;150M to 250M
H RIPLEY & CO.;www.hripley.co.uk;Utilities;United Kingdom;75M to 100M
H.Z. Logistics;www.hzlogistics.eu;Logistics;Netherlands;50M to 75M
Hadley Group;www.hadleygroup.com;Engineering;United Kingdom;100M to 150M
Hadre;www.hadra-zaun.de;Manufacturing;Germany;50M to 75M
Hainbuch;www.hainbuch.com;Manufacturing & Engineering;Germany;50M to 75M
Haix Group;www.haix.com;Clothing (Manufacturing);Germany;100M to 150M
Halsion Ltd;www.halsion.online;Engineering;United Kingdom;40M to 50M
Hälssen & Lyon;www.haelssen-lyon.com;Food & Drink;Germany;100M to 150M
Hansen Dranken;www.hansendranken.nl;Wholesale;Netherlands;75M to 100M
Harmonie;www.harmonie-fruit.com;Food & Drink;France;20M to 30M
Harrison Spinks Beds Ltd ;www.harrisonbeds.co.uk;Manufacturing;United Kingdom;50M to 75M
"Havwoods
International";www.havwoods.co.uk;Manufacturing;United Kingdom;40M to 50M
Hawkins Distribution ;www.hawkinsdistribution.com;Food & Drink;France;30M to 40M
Heckert Solar;www.heckertsolar.com;Manufacturing;Germany;75M to 100M
HEGELMANN TRANSPORTE;"www.hegelmann.lt
";Logistics;Lithuania;100M to 150M
Heinen Lederfabrik;www.heinen-leather.de;Textiles;Germany;30M to 40M
Heinrich Huhn ;www.heinrich-huhn.de;Manufacturing & Engineering;Germany;75M to 100M
HEITEC;www.heitec.de;Technology;Germany;75M to 100M
Helios;www.heliosesvida.es;Food & Drink;Spain;150M to 250M
Hermes Arzneimittel;www.hermes-arzneimittel.com;Pharmaceutical/Science;Germany;150M to 250M
Heuvelman Staalhandel BV;www.heuvelman.com;Manufacturing;Netherlands;30M to 40M
Heyrod Construction Limited;www.heyrod.co.uk;Construction/Property;United Kingdom;50M to 75M
HiddenFjord;www.hiddenfjord.com;Agriculture/Farming/Forestry;Denmark;75M to 100M
Highlite International B.V.;www.highlite.nl;Wholesale;Netherlands;40M to 50M
HIMA;www.hima.be;Manufacturing;Belgium;20M to 30M
HKS;www.hks-partner.com;Manufacturing;Germany;20M to 30M
Hofpfisterei;www.hofpfisterei.de;Food & Drink;Germany;75M to 100M
Holaluz;www.holaluz.com;Energy;Spain;75M to 100M
Horizon International Cargo;www.hicargo.com;Logistics;United Kingdom;40M to 50M
Hotel Okura;www.okura.nl;Travel/Leisure;Netherlands;40M to 50M
Hotel Schiphol;www.hotelschiphol.nl;Travel/Leisure;Netherlands;20M to 30M
Howard Tenens Ltd;www.tenens.com;Logistics;United Kingdom;75M to 100M
HPS Environnement;www.hps-environnement.fr;Construction/Property;France;20M to 30M
HR Team ;www.hr-team.net;Professional Services;France;20M to 30M
HSL Chairs;www.hslchairs.com;Design & Manufacturing;United Kingdom;50M to 75M
Huber Packaging;www.huber-packaging.com;Manufacturing;Germany;150M to 250M
Huilerie Emile Noel;www.huilerieemilenoel.com;Food & Drink;France;30M to 40M
Hunts;www.huntsfoodservice.co.uk;Wholesale;United Kingdom;75M to 100M
Huuskes b.v.;www.huuskes.nl;Import/Export;Netherlands;100M to 150M
HUWS GRAY LIMITED;www.huwsgray.co.uk;Construction/Property;United Kingdom;150M to 250M
IBAK;www.ibak.de;Manufacturing;Germany;50M to 75M
IBF;www.ibf.dk;Construction/Property;Denmark;100M to 150M
Ibykus;www.ibykus.de;IT Technology;Germany;20M to 30M
Ice Cream Factory Comaker;www.icfc.es;Food & Drink;Spain;75M to 100M
Icona Coffee;www.iconacafe.com;Wholesale;Spain;150M to 250M
Idea;www.ideaspacomo.it;Textiles;Italy;20M to 30M
IDIR;www.idir.it;Motor vehicle retail;Italy;75M to 100M
IE Business School;www.ie.edu;Education;Spain;100M to 150M
igefa;www.igefa.de;Cleaning Services;Germany;100M to 150M
Iglu.com Ltd;www.iglu.com;Travel/Leisure;United Kingdom;100M to 150M
Imgrund Silogistic;www.imgrund.de;Transportation;Germany;20M to 30M
Implantcast;www.implantcast.de;Pharmaceutical/Science;Germany;75M to 100M
Incom doo;www.leone.si;Food & Drink;Slovenia;40M to 50M
INDCRESA;www.indcresa.com;Food & Drink;Spain;75M to 100M
Indiana Production;www.indianaproduction.com;Media;Italy;30M to 40M
Industria Laminazioni Ottone;www.ilosrl.com;Manufacturing;Italy;20M to 30M
Innofreight;www.innofreight.com;Transportation;Austria;20M to 30M
Innova Group;www.innovagroup.it;Packaging facilities;Italy;50M to 75M
Inplaf;www.inplaf.it;Manufacturing;Italy;20M to 30M
Insotel Hotel Group;www.insotelhotelgroup.com;Consumer Services;Spain;100M to 150M
INTEC MICROSYSTEMS LTD;www.intecmicros.co.uk;Wholesale;United Kingdom;50M to 75M
INTEGRE TRANS;www.integretrans.com;Logistics;Lithuania;20M to 30M
Intergas Verwarming B.V.;www.intergas-verwarming.nl;Energy;Netherlands;100M to 150M
InterMed;www.intermed.com.gr;Pharmaceutical/Science;Greece;20M to 30M
International Plywood;www.plywooduk.com;Import/Export;United Kingdom;150M to 250M
InterTransCom SRL ;www.intertranscom.ro;Wholesale;Romania;50M to 75M
Intitek Group;www.intitek.fr;IT Technology;France;30M to 40M
Intratuin;www.intratuin.nl;Retail;Netherlands;20M to 30M
Invest Sedlic doo;www.invest-sedlic.hr;Wholesale;Croatia ;20M to 30M
ipH;www.iph.com.cy;Wholesale;Cyprus;40M to 50M
Irrijardin;www.irrijardin.fr;Retail;France;40M to 50M
Isabellenhütte;www.isabellenhuette.de;Manufacturing;Germany;100M to 150M
ISARIA;www.isaria.com;Marketing;Germany;50M to 75M
ISCOM;www.riverclack.com;Construction/Property;Italy;30M to 40M
Isku Interior Oy;www.isku.com;Manufacturing;Finland;75M to 100M
J Sykes & Sons;www.sykesseafoods.co.uk;Food & Drink;United Kingdom;100M to 150M
J T ATKINSON & SONS LIMITED;www.jtatkinson.co.uk;Construction/Property;United Kingdom;75M to 100M
J. Tomlinson Ltd ;www.jtomlinson.co.uk;Construction/Property;United Kingdom;75M to 100M
Jack Richards & Son Ltd;www.jackrichards.co.uk;Logistics;United Kingdom;50M to 75M
Jan-Erik Sigg AB;www.siggpac.fi;Agriculture/Farming/Forestry;Finland;20M to 30M
JDM Foodgroup;www.jdmfoodgroup.co.uk;Food & Drink;United Kingdom;40M to 50M
Jean Niel;www.jeanniel.com;Chemicals;France;20M to 30M
Jeans Centre;www.jeanscentre.nl;Retail;Netherlands;50M to 75M
Job AG;www.job-ag.com;Employment Services;Germany;150M to 250M
John Guest Ltd;www.johnguest.com;Manufacturing & Engineering;United Kingdom;150M to 250M
Jollyroom;www.jollyroom.se;Retail;Sweden;50M to 75M
JOSEPH HOLT LIMITED;www.joseph-holt.com;Food & Drink;United Kingdom;50M to 75M
Jouffruit;www.jouffruit.wordpress.com;Wholesale;France;50M to 75M
JR Marteknik AB;www.jrmarkteknik.se;Construction/Property;Sweden;30M to 40M
Julesn Brochenin ;www.brochenin.com;Food & Drink;France;75M to 100M
Juustoportti Oy;www.juustoportti.fi;Food & Drink;Finland;40M to 50M
JW Morris;www.jwmorris.co.uk;Engineering;United Kingdom;40M to 50M
Kaehlig Antriebstechnik;www.kag-hannover.com;Manufacturing & Engineering;Germany;20M to 30M
Kaimann;www.kaimann.com;Manufacturing;Germany;50M to 75M
Kairos;www.kairospu.it;Manufacturing;Italy;20M to 30M
Kappa Data;www.kappadata.be;IT Technology;Belgium;20M to 30M
Karndean Designflooring;www.karndean.com;Wholesale;United Kingdom;75M to 100M
KARTESIS Industries Group;www.kartesis-industries.com;Manufacturing & Engineering;France;20M to 30M
Kask;www.kask.com;Manufacturing;Italy;20M to 30M
Kautex Maschinenbau;www.kautex-group.com;Manufacturing;Germany;100M to 150M
Keflico A/S;www.keflico.com;Wholesale;Denmark;30M to 40M
Kimal;www.kimal.com;Manufacturing;United Kingdom;40M to 50M
Kinex Bearings;www.kinex.sk;Machining;Slovakia;50M to 75M
Kingdom Services Group Ltd;www.kingdom.co.uk;Services;United Kingdom;100M to 150M
Kingsland Drinks;www.kingsland-wines.com;Wholesale;United Kingdom;150M to 250M
Kinixia Logistics;kinaxia.co.uk;Import/Export;United Kingdom;50M to 75M
Klee Group;www.kleegroup.com;IT Technology;France;30M to 40M
Klimas Wkret-met SP Z.O.O. ;www.wkret-met.com;Manufacturing;Poland;50M to 75M
KMWE Precision BV. ;www.kmwe.com;Manufacturing & Engineering;Netherlands;50M to 75M
KN Group;www.kngroup.com;Engineering;United Kingdom;75M to 100M
Kobout BV;www.kobout.com;Wholesale;Netherlands;20M to 30M
Kohiwood;www.kohiwood.fi;Manufacturing;Finland;20M to 30M
KÖHL group;www.koehl.eu;Engineering;Luxembourg;30M to 40M
KON - RAD spol S ro;www.kon-rad.eu;Wholesale;Slovakia;50M to 75M
Koppert BV.;www.koppert.nl;Agriculture/Farming/Forestry;Netherlands;75M to 100M
Kosatec Computer;www.kosatec.de;Wholesale;Germany;150M to 250M
Koudijs Animal Nutrition B.V.;www.koudijs.com;Agriculture/Farming/Forestry;Netherlands;50M to 75M
Krankikom;www.krankikom.de;IT Technology;Germany;30M to 40M
Krone;www.krone-gmbh.com;Food & Drink;Germany;100M to 150M
KSG;www.ksg.de;Electronics;Germany;75M to 100M
Kunde & Co;www.kunde.dk;Marketing;Denmark;30M to 40M
Kutterer Mauer AG ;www.kutterermauer.com;Manufacturing;Germany;75M to 100M
La Cart;www.lacart.it;Environmental Services;Italy;20M to 30M
La Masía ;www.lamasia.es;Food & Drink;Spain;75M to 100M
La Molisana;www.lamolisana.it;Food & Drink;Italy;100M to 150M
La Union Corp.;www.launioncorp.com;Wholesale;Spain;250M+
Laboratorios LETI;www.leti.com;Pharmaceutical/Science;Spain;75M to 100M
Lancio Entertainment;www.lancio-e.com;Telecommunications;Italy;20M to 30M
Lauda;www.lauda.de;Manufacturing & Engineering;Germany;50M to 75M
Laudert;www.laudert.com;Media;Germany;20M to 30M
Lava;www.lavatextiles.com;Textiles;Belgium;20M to 30M
Lawcris Panel Products Ltd;www.lawcris.co.uk;Manufacturing;United Kingdom;75M to 100M
LB Bohle;www.lbbohle.com;Manufacturing & Engineering;Germany;40M to 50M
Lea Nature ;www.leanature.com;Wholesale;France;30M to 40M
Leathams;www.leathams.com;Wholesale;United Kingdom;100M to 150M
Lebrun;www.lebrun-nimy.be;Manufacturing;Belgium;20M to 30M
Ledwood;www.ledwood.co.uk;Engineering;United Kingdom;75M to 100M
Leo Shoes;www.leoshoes.it;Clothing (Manufacturing);Italy;50M to 75M
Les Celliers Associes (Val de Rance);www.valderance.com;Food & Drink;France;30M to 40M
Les Nouveaux Robinson;www.lesnouveauxrobinson.coop;Retail;France;40M to 50M
LES VIGNERONS DU GERLAND;www.vignerons-gerland.fr;Agriculture/Farming/Forestry;France;20M to 30M
Liberty Lines;www.libertylines.it;Transportation;Italy;100M to 150M
Liebensteiner Kartonagen;www.liebensteiner.de;Packaging Facilities;Germany;50M to 75M
Lisega;www.lisega.de;Manufacturing;Germany;150M to 250M
Lödige;www.loedige.de;Manufacturing & Engineering;Germany;50M to 75M
Lodovichi Domenico;www.lodovichi.it;Manufacturing;Italy;20M to 30M
Löfbergs Coffee Group;www.abanderslofberg.com;Food & Drink;Sweden;150M to 250M
Logifruit ;www.logifruit.es;Logistics;Spain;75M to 100M
LOGIK, SRO;www.log.cz;Marketing;Czech Republic;20M to 30M
LSK Group Oy;www.lsk.fi;Electronics;Finland;50M to 75M
LSN - Body Nature ;www.body-nature.fr;Chemicals;France;20M to 30M
LTP Group ;www.l-t-p.com;Textiles;Denmark;50M to 75M
Luddon Construction Limited;www.luddon.co.uk;Engineering;United Kingdom;75M to 100M
Lumon;www.lumon.com;Construction/Property;Finland;50M to 75M
L'Univers de l'Emballage;www.univers-emballage.fr;Packaging Facilities;France;75M to 100M
Lustral;www.lustral.fr;Cleaning Services;France;20M to 30M
M.Torres Diseños Industriales, SAU;www.mtorres.es;Machining;Spain;100M to 150M
Ma.Pr.I.Com.;www.mapricom.com;Wholesale;Italy;40M to 50M
Machland;www.machland.at;Food & Drink;Austria;30M to 40M
Mack Rides;www.mack-rides.com;Manufacturing & Engineering;Germany;50M to 75M
Mafriges, S.A. ;www.mafriges.com;Food & Drink;Spain;100M to 150M
Magic Flame;www.magicflame.eu;Import/Export;Bulgaria ;50M to 75M
Mairec;www.mairec.com;Environmental Services;Germany;150M to 250M
Maitre Prunille;www.maitreprunille.com;Wholesale;France;150M to 250M
Manifattura Tessile Risaliti;www.mtrisaliti.it;Textiles;Italy;20M to 30M
Manteco;www.manteco.com;Textiles;Italy;50M to 75M
Manuco;www.manuco-nc.com;Chemicals;France;20M to 30M
Marim;www.marim.it;Electronics;Italy;75M to 100M
Mario Levi;www.mariolevi.com;Textiles;Italy;100M to 150M
Maritime;www.maritimetransport.com;Transportation;United Kingdom;250M+
Marketing VF Ltd;www.mvfglobal.com;IT Technology;United Kingdom;50M to 75M
Marma Polskie Folie;www.marma.com.pl;Manufacturing;Poland;75M to 100M
Marquises FR;www.stores-marquises.fr;Manufacturing;France;40M to 50M
Mas Naturalmente Bueno;www.supermercadosmas.com;Consumer Services;Spain;150M to 250M
MAS Supermarkets;www.mas.com.cy;Retail;Cyprus;30M to 40M
Mascato SA;www.mascato.com;Wholesale;Spain;150M to 250M
Mascot International A/S;www.mascot.dk;Textiles;Denmark;100M to 150M
MASS doo;www.mass.si;Retail;Slovenia;40M to 50M
Mastermedia;www.mastermediauk.com;Wholesale;Poland;75M to 100M
Masymas Supermercados;www.supermasymas.com;Food & Drink;Spain;150M to 250M
Materna;www.materna-france.com;Food & Drink;France;50M to 75M
Materna;www.materna.de;IT Technology;Germany;150M to 250M
Mauthner;www.mauthner.co.at;Agriculture/Farming/Forestry;Austria;50M to 75M
Max Burgers;www.max.se;Food & Drink;Sweden;250M+
McGrath;www.mcgrathgroup.co.uk;Environmental Services;United Kingdom;40M to 50M
MebleWojcik SP Z.O.O.;www.meblewojcik.com;Manufacturing;Poland;50M to 75M
Med 360°;www.med360grad.de;Professional Services;Germany;100M to 150M
Medina Dairy;www.medinadairy.co.uk;Agriculture/Farming/Forestry;United Kingdom;150M to 250M
Medipath;www.medipath.fr;Health;France;20M to 30M
MEGA SA ;www.megadis.gr;Manufacturing;Greece;100M to 150M
Megas Yeeros;www.megasyeeros.gr;Food & Drink;Greece;30M to 40M
MEILLER;www.meiller.com;Manufacturing & Engineering;Germany;250M+
Meleghy International;www.meleghyautomotive.de;Manufacturing & Engineering;Germany;150M to 250M
MELITA LIMITED;www.melita.com;Telecommunications;Malta;50M to 75M
Meltex Oy Plastics;www.meltex.fi;Wholesale;Finland;50M to 75M
MEN;www.men.de;Electronics;Germany;50M to 75M
Metaprint;www.metaprint.com;Manufacturing;Estonia;50M to 75M
Meti;www.meti.fr;IT Technology;France;20M to 30M
Mick George Ltd;www.mickgeorge.co.uk;Wholesale;United Kingdom;100M to 150M
MicroWarehouse;www.mwh.ie;IT Technology;Ireland;75M to 100M
MIKROT?KLS SIA;www.mikrotik.com;IT Technology;Latvia;150M to 250M
Millbrook Healthcare Ltd;www.millbrook-healthcare.co.uk;Health;United Kingdom;100M to 150M
Milnar d.d.;www.mlinar.hr;Food & Drink;Croatia ;50M to 75M
MKN;www.mkn.de;Manufacturing;Germany;75M to 100M
MOBA Mobile Automation ;www.moba.de;Manufacturing;Germany;40M to 50M
Modern Restauration Gestion;modern-restauration-gestion.com;Construction/Property;France;30M to 40M
MODUS;www.modus.space;Business Services;United Kingdom;50M to 75M
Mondial Pet Distribution;www.mondialpetdistribution.com;Retail;Italy;50M to 75M
MOOD;www.moodnet.it;Textiles;Italy;20M to 30M
Moortown Group;www.moortowngroup.com;Engineering;United Kingdom;50M to 75M
Mosca;www.mosca.com;Packaging Facilities;Germany;150M to 250M
Moto-Profil SP. Z.O.O. ;moto-profil.pl;Motor vehicle retail;Poland;150M to 250M
Motridal;www.motridal.com;Machining;Italy;30M to 40M
Moulins Dumee;www.moulins-dumee.com;Agriculture/Farming/Forestry;France;20M to 30M
mpi;www.mpi.ltd.uk;Employment services;United Kingdom;50M to 75M
MSJ Group;www.msjacovidesgroup.com;Wholesale;Cyprus;20M to 30M
Müller & Sohn;www.aluminiumonline.de;Environmental services;Germany;75M to 100M
Multimon;www.multimon.info;Manufacturing;Germany;50M to 75M
MultiPharme SA ;www.multipharme.pl;Pharmaceutical/Science;Poland;50M to 75M
Multitel Pagliero;www.pagliero.com;Manufacturing;Italy;50M to 75M
Munnelly Support Services Ltd;www.munnellys.com;Logistics;United Kingdom;40M to 50M
Music & Lights;www.musiclightsitaly.com;Technology;Italy;20M to 30M
Musik Meyer;www.musik-meyer.de;Retail;Germany;50M to 75M
N.V. Slibverwerking Noord-Brabant (SNB);www.snb.nl;Environmental Services;Netherlands;30M to 40M
Nabeiro Group;www.grupo-nabeiro.pt;Food & Drink;Portugal;100M to 150M
Nafmera;www.nafmera.lt;Wholesale;Lithuania;40M to 50M
Nahrin Swisscare;www.swisscare.it;Pharmaceutical/Science;Italy;20M to 30M
Nazionale Elettronica;www.nazionaleelettronica.it;Electronics;Italy;20M to 30M
Neilcott Construction Group;www.neilcott.co.uk;Construction/Property;United Kingdom;100M to 150M
Nestle Home Care;www.nhc.info;Fitness & Health;France;50M to 75M
Nexeya;www.nexeya.com;Electronics;France;75M to 100M
Next Unio Magyarorszag KFT.;www.nextunio.hu;Wholesale;Hungary;50M to 75M
Nextel;www.nextel.be;Telecommunications;Belgium;40M to 50M
Nibler;www.nibler.de;Engineering;Germany;50M to 75M
Nicomatic;www.nicomatic.com;Manufacturing & Engineering;France;20M to 30M
NJIE Foods AB;www.njie.se;Food & Drink;Sweden;20M to 30M
Nordic Trout Ab;www.nordictrout.com;Agriculture/Farming/Forestry;Finland;30M to 40M
Nordmark ;www.nordmark-pharma.de;Pharmaceutical/Science;Germany;75M to 100M
Normet;www.normet.com;Technology;Finland;50M to 75M
Normon Laboratories;www.normon.es;Pharmaceutical/Science;Spain;150M to 250M
Norrvidinge;www.norrvidinge.se;Transportation;Sweden;10M to 20M
Norsys;www.norsys.fr;IT Technology;France;30M to 40M
Nortempo;www.nortempo.com;Business Services;Spain;100M to 150M
Northwood Hygine Products Ltd;www.northwood.co.uk;Manufacturing;United Kingdom;50M to 75M
Noteboom Trailers B.V.;www.nooteboom.com;Manufacturing;Netherlands;75M to 100M
Nova Frutta;www.novafrutta.it;Food & Drink;Italy;30M to 40M
Nova Trading SA;www.nova-trading.com;Wholesale;Poland;150M to 250M
NPP;www.npp.ie;Manufacturing;Ireland;20M to 30M
NSC Global ;www.nscglobal.com;IT Technology;United Kingdom;75M to 100M
Nufri Group;www.nufri.com;Food & Drink;Spain;150M to 250M
Nuova Erreplast;www.nuovaerreplast.it;Packaging facilities;Italy;20M to 30M
Nutrend D.S., a.s.;www.nutrend.cz;Health;Czech Republic;20M to 30M
Occasion Brand Experience;www.occasion.se;Media;Sweden;20M to 30M
Ochsner Wärmepumpen;www.ochsner.com;Manufacturing;Austria;20M to 30M
Octavian;www.octaviangaming.com;Technology;Italy;20M to 30M
OctoWood AB;www.octowood.se;Manufacturing;Sweden;20M to 30M
O'Halloran & O'Briend LTD;www.ohob.com;Construction/Property;United Kingdom;250M+
Okegowa Spoldzielnia Mleczarska w Piatnicy ;www.piatnica.com.pl;Food & Drink;Poland;150M to 250M
Oknoplast Sp zoo;oknoplast.com;Manufacturing;Poland;100M to 150M
Oktra;www.oktra.co.uk;Design;United Kingdom;50M to 75M
OMD GROUP LIMITED;www.omd.com;Marketing;United Kingdom;100M to 150M
OMER;www.omerspa.com;Design;Italy;30M to 40M
Omnicos Group;www.omnicos.it;Manufacturing;Italy;20M to 30M
One Group Construction;www.onegroupconstruction.com;Construction/Property;United Kingdom;150M to 250M
Operator Groep Delft B.V;www.ogd.nl;IT Technology;Netherlands;40M to 50M
Óptica Del Penedes;www.opticauniversitaria.es;Retail;Spain;75M to 100M
Optima Contracting Ltd ;www.optimasystems.com;Manufacturing;United Kingdom;50M to 75M
Orion;www.orion-veicolispeciali.info;Motor vehicle retail;Italy;20M to 30M
Ormazabal Velatia;www.ormazabal.com;Technology;Spain;150M to 250M
Ortec BV.;www.ortec.com;IT Technology;Netherlands;50M to 75M
OTCF SA;www.otcf.pl;Clothing (Manufacturing);Poland;100M to 150M
Otto-Vertrieb;www.otto-vertrieb.de;Manufacturing;Germany;20M to 30M
Overmach;www.overmach.it;Wholesale;Italy;150M to 250M
Pabst Transport;www.pabst-transport.de;Logistics;Germany;50M to 75M
Pagani;www.pagani.com;Manufacturing & Engineering;Italy;50M to 75M
Paling-EN Zalmfileerderij J Foppen Jzn BV;www.foppenpalingenzalm.nl;Food & Drink;Netherlands;100M to 150M
Pallet force Ltd ;www.palletforce.com;Import/Export;United Kingdom;100M to 150M
Palmberg;www.palmberg.de;Manufacturing;Germany;75M to 100M
Pannonpower;www.pannonpower.hu;Energy;Hungary;50M to 75M
Papierfabriek Doetinchem BV;www.papierfabriekdoetinchem.nl;Wholesale;Netherlands;50M to 75M
Paradise Fruits by Jahncke;www.paradise-fruits.de;Food & Drink;Germany;50M to 75M
Partenor Group;www.partenorgroup.com;Professional Services;France;20M to 30M
Paul Boye Technologies;www.paul-boye.fr;Clothing (Manufacturing);France;50M to 75M
Paul Horn;www.phorn.de;Machining;Germany;150M to 250M
PAVI SUPERMARKETS LIMITED;www.pavi.com.mt;Retail;Malta;30M to 40M
Paxton Access Ltd ;www.paxton-access.co.uk;IT Technology;United Kingdom;40M to 50M
PCB Distribution AB;www.pcb.se;Retail;Sweden;20M to 30M
Peimar ;www.peimar.com;Manufacturing;Italy;20M to 30M
PELLENC ;www.pellenc.com;Agriculture/Farming/Forestry;France;150M to 250M
Perfumes & Companhia;www.perfumesecompanhia.pt;Retail;Portugal;100M to 150M
Perrin et Fils;www.familleperrin.com;Wholesale;France;50M to 75M
Pesanta Hotel Group;www.pestana.com;Travel/Leisure;Portugal;50M to 75M
Pescapuerta;www.pescapuerta.es;Food & Drink;Spain;150M to 250M
Pesmel Oy;www.pesmel.com;Engineering;Finland;40M to 50M
PetsCorner;www.petscorner.co.uk;Retail;United Kingdom;40M to 50M
PFM Medical;www.pfmmedical.com;Pharmaceutical/Science;Germany;100M to 150M
Pharmatechnik;www.pharmatechnik.de;IT Technology;Germany;50M to 75M
PHShop;www.phshop.it;Wholesale;Italy;75M to 100M
PHUP Gniezno Z.o.o.;www.phupgniezno.pl;Wholesale;Poland;150M to 250M
PI;www.physikinstrumente.com;Technology;Germany;100M to 150M
Pierre Guerin Technologies ;www.pierreguerin.fr;Manufacturing & Engineering;France;75M to 100M
Pikolinos;www.pikolinos.com;Retail;Spain;75M to 100M
Piment Intérim;www.pimentinterim.fr;Employment services;France;30M to 40M
Pirlo;www.pirlo.com;Manufacturing;Austria;40M to 50M
Plantorama;www.plantorama.dk;Retail;Denmark;40M to 50M
Plieger BV;www.plieger.nl;Wholesale;Netherlands;150M to 250M
PMG Holzhandels;www.pmg-holz.at;Wholesale;Austria;20M to 30M
PMiW Lukosz SP. Z.O.O.;www.lukosz.pl;Food & Drink;Poland;50M to 75M
Poletto;www.polettoleathers.com;Textiles;Italy;20M to 30M
POLIPAKS SIA;www.polipaks.com;Manufacturing;Latvia;30M to 40M
Polli;www.polli.it;Food & Drink;Italy;50M to 75M
Polopique;www.polopique.pt;Clothing (Manufacturing);Portugal;75M to 100M
Polykemi Group;www.polykemi.se;Manufacturing;Sweden;100M to 150M
Polytec;www.polytec.com;Technology;Germany;50M to 75M
Polytechnik;www.biomass.polytechnik.com;Manufacturing;Austria;50M to 75M
Ponant;en.ponant.com;Travel/Leisure;France;150M to 250M
Poro;www.poro.eu;Chemicals;Austria;40M to 50M
Portwest;www.portwest.com;Clothing (Manufacturing);Ireland;100M to 150M
Postres Reina SL;www.postresreina.com;Food & Drink;Spain;100M to 150M
Power Electronics;www.power-electronics.com;Electronics;Spain;100M to 150M
PPD;www.ppdi.com;Pharmaceutical/Science;Belgium;50M to 75M
PPL Koral ;www.koral.com.pl;Food & Drink;Poland;75M to 100M
PPT PKS Gdansk-Oliwa SA;pks-sa.com;Transportation;Poland;50M to 75M
PQE;www.pqegroup.com;Technology;Italy;20M to 30M
Pradier Groupe;www.pradiergroupe.fr;Manufacturing;France;40M to 50M
Pranarôm;www.pranarom.com;Manufacturing;Belgium;40M to 50M
Premiata;www.premiata.it;Clothing (Manufacturing);Italy;30M to 40M
Premier Forest Products;www.premierforest.co.uk;Wholesale;United Kingdom;100M to 150M
Premier Paper Group Ltd;www.paper.co.uk;Wholesale;United Kingdom;250M+
Priano Marchelli;www.prianomarchelli.it;Logistics;Italy;20M to 30M
Prillinger;www.prillinger.at;Wholesale;Austria;50M to 75M
Primaflor;www.primaflor.com;Wholesale;Spain;150M to 250M
PRIM'ALBERT;paysans-de-garonne.fr;Wholesale;France;20M to 30M
Primiceri;www.primiceri.it;Manufacturing & Engineering;Italy;20M to 30M
Principles Holdings Limited;www.principleglobal.com;Professional services;United Kingdom;150M to 250M
Prodrive Technologies ;www.prodrive-technologies.com;Technology;Netherlands;150M to 250M
Proferm ;www.proferm.net;Manufacturing;France;20M to 30M
Profile Security Services Limited;www.profilesecurityservices.co.uk;Security;United Kingdom;40M to 50M
Progress Profiles;www.progressprofiles.com;Manufacturing;Italy;30M to 40M
Prolicht;www.prolicht.at;Manufacturing;Austria;20M to 30M
ProLicht;www.prolicht.com;Electronics;Germany;75M to 100M
PROLONGO-FACCSA;www.faccsa.com;Food & Drink;Spain;150M to 250M
Proman SATI ;www.proman-emploi.fr;Employment Services;France;30M to 40M
Promat Comimpex SRL;www.promatagro.ro;Agriculture/Farming/Forestry;Romania;75M to 100M
Proxelia;www.proxelia.fr;Energy;France;40M to 50M
Pütz Security AG;www.puetz-security.de;Security;Germany;20M to 30M
PVS;www.pvs-plastics.net;Manufacturing;Germany;50M to 75M
Quandria ;www.quadria.fr;IT Technology;France;75M to 100M
Quanta Consultancy Services;www.quanta-cs.com;Employment services;United Kingdom;50M to 75M
Queserías Entrepinares ;www.entrepinares.es;Food & Drink;Spain;250M+
Quinns of Baltinglass;www.quinns.ie;Agriculture/Farming/Forestry;Ireland;100M to 150M
Qvantel Oy;www.qvantel.com;IT Technology;Finland;40M to 50M
Rademaker BV.;www.rademaker.com;Manufacturing & Engineering;Netherlands;100M to 150M
Rafaut;www.rafaut.fr;Aviation Services;France;40M to 50M
Railston;www.railston.com;Design;United Kingdom;40M to 50M
Ramponi;www.ramponisas.net;Manufacturing;Italy;20M to 30M
Ratschiller's;www.ratschillers.de;Food & Drink;Germany;20M to 30M
Raumedic;www.raumedic.com;Pharmaceutical/Science;Germany;100M to 150M
Raytec Vision;www.raytecvision.com;Machining;Italy;20M to 30M
Reaktor;www.reaktor.com;IT Technology;Finland;40M to 50M
Real SA;www.realsa.com.pl;Food & Drink;Poland;50M to 75M
Regatta Ltd;www.regatta.com;Clothing;United Kingdom;150M to 250M
Reiss;www.reiss.com;Retail;United Kingdom;150M to 250M
Remedica Ltd;www.remedica.eu;Pharmaceutical/Science;Cyprus;50M to 75M
Renson;www.renson.be;Manufacturing & Engineering;Belgium;50M to 75M
Retis Solutions ;www.retis-solutions.com;Facilities Services;France;20M to 30M
Rhea Group;www.rheagroup.com;IT Technology;Belgium;20M to 30M
Rhubarb Food;www.rhubarb.co.uk;Food & Drink;United Kingdom;50M to 75M
Rhumveld Winter & Konijn B.V.;www.rhumveld.com;Wholesale;Netherlands;75M to 100M
Riberalves;www.riberalves.pt;Food & Drink;Portugal;100M to 150M
Ricci Alimentari;www.riccialimentari.com;Food & Drink;Italy;20M to 30M
RIDA Ambiente;www.ridambiente.it;Environmental Services;Italy;50M to 75M
Rieckermann;www.rieckermann.com;Engineering;Germany;150M to 250M
Riedel;www.riedel.net;Technology;Germany;75M to 100M
Righini Industrie ;www.righini.com;Manufacturing;France;40M to 50M
Rika;www.rika.at;Manufacturing;Austria;30M to 40M
Riwal Group;www.riwal.com;Machining;Netherlands;40M to 50M
RJ Mcleod;www.rjmcleod.co.uk;Construction/Property;United Kingdom;150M to 250M
Rockabill;www.rockabill.ie;Wholesale;Ireland;20M to 30M
Roleski SP J;republikaroleski.pl;Food & Drink;Poland;50M to 75M
Roman Originals;www.romanoriginals.co.uk;Retail;United Kingdom;50M to 75M
Romaqua Group Borsec;www.romaqua-group.ro;Food & Drink;Romania;150M to 250M
Rörvikshus Sweden AB;www.rorvikshus.se;Construction/Property;Sweden;20M to 30M
ROTAREX;www.rotarex.com;Manufacturing;Luxembourg;20M to 30M
Rouveen Kaasspecialiteiten;www.rouveen-kaasspecialiteiten.nl;Food & Drink;Netherlands;20M to 30M
ROWE;www.rowe-mineraloel.com;Manufacturing;Germany;100M to 150M
Royal;www.royal.es;Agriculture/Farming/Forestry;Spain;100M to 150M
RP2 Holdings;www.rp2-global.com;Marketing;United Kingdom;50M to 75M
Russells Construction;www.russells-construction.co.uk;Construction/Property;United Kingdom;75M to 100M
RZB;www.rzb.de;Manufacturing;Germany;100M to 150M
S&A Group;www.sagroup.global;Agriculture/Farming/Forestry;United Kingdom;75M to 100M
S.D.C. BUILDERS LIMITED;www.sdc.co.uk;Construction/Property;United Kingdom;150M to 250M
Saaremaa Piimatööstus;www.saarejuust.ee;Food & Drink;Estonia;20M to 30M
Safilin ;www.safilin.com;Textiles;France;20M to 30M
Sahara AV Solutions;www.saharaav.com;Manufacturing;United Kingdom;50M to 75M
Salus;www.salus.de;Health;Germany;100M to 150M
Salvo Grima Group;www.salvogrima.com;Wholesale;Malta;20M to 30M
Samaro;www.samaro.fr;Chemicals;France;20M to 30M
Samoa;www.samoadivani.com;Manufacturing;Italy;20M to 30M
Sampol;www.sampol.com;Engineering;Spain;75M to 100M
Sandman Group;www.sandman.ee;Wholesale;Estonia;75M to 100M
Sanner;www.sanner-group.com;Packaging Facilities;Germany;50M to 75M
Santens Groep;www.santens.be;Wholesale;Belgium;40M to 50M
SAS International;www.sasint.co.uk;Manufacturing;United Kingdom;100M to 150M
SATEC Group;www.satec.es;IT Technology;Spain;75M to 100M
Satoriz;www.satoriz.fr;Food & Drink;France;30M to 40M
SC Diana SRL;www.diana.com.ro;Food & Drink;Romania;50M to 75M
SCA LIMDOR ;www.limdor.eu;Agriculture/Farming/Forestry;France;20M to 30M
Scan;www.scan.co.uk;Retail;United Kingdom;100M to 150M
SCE;www.sce.be;Manufacturing;Belgium;20M to 30M
Schade + Sohn;www.schadeundsohn.de;Construction/Property;Germany;30M to 40M
Schell;www.schell.eu;Manufacturing;Germany;75M to 100M
Schenk Tanktransport;www.schenk-tanktransport.com;Logistics;Netherlands;75M to 100M
Scheucher;www.scheucherparkett.at;Retail;Austria;40M to 50M
Schleifenbaum;www.ladenbau-schleifenbaum.com;Design;Germany;20M to 30M
Schmitt + Sohn Aufzüge;www.schmitt-aufzuege.de;Manufacturing & Engineering;Germany;40M to 50M
Schneider;www.schneider-om.com;Manufacturing;Germany;100M to 150M
SCHÖLLY;www.schoelly.de;Pharmaceutical/Science;Germany;100M to 150M
Scholz;www.scholz-htik.de;Manufacturing;Germany;30M to 40M
Schulz Systemtechnik;www.schulz.st;Manufacturing;Germany;50M to 75M
Schuon;www.schuon.com;Logistics;Germany;40M to 50M
Schütte;www.schuette.de;Manufacturing;Germany;100M to 150M
Scientific Laboratory Supplies Ltd.;www.scientificlabs.co.uk;Pharmaceutical/Science;United Kingdom;40M to 50M
Scolmore International Limited;www.scolmore.com;Design & Manufacturing;United Kingdom;50M to 75M
Scottish Import Finefood;www.scottish-import.de;Wholesale;Germany;30M to 40M
Seasalt Ltd;www.seasaltcornwall.co.uk;Clothing (manufacturing);United Kingdom;40M to 50M
Seedtech;www.arvumgroup.ie;Agriculture/Farming/Forestry;Ireland;20M to 30M
Seepex;www.seepex.com;Manufacturing;Germany;100M to 150M
SEFI;www.sefitransmission.fr;Wholesale;France;100M to 150M
Sellick Partnership;www.sellickpartnership.co.uk;Employment services;United Kingdom;40M to 50M
Semilab;www.semilab.hu;Manufacturing & Engineering;Hungary;40M to 50M
Sensor-Technik Wiedemann ;www.stw-mobile-machines.com;Electronics;Germany;50M to 75M
Seprolec;www.seprolec.fr;Electronics;France;30M to 40M
SERWISTAL Sp. z o.o.;www.serwistal.pl;Manufacturing;Poland;100M to 150M
Sevilla Fútbol Club SAD;www.sevillafc.es;Consumer Services;Spain;100M to 150M
SGS;www.sgs.co.uk;Logistics;United Kingdom;50M to 75M
SHD System - House - Dresden;www.shd-online.de;IT Technology;Germany;30M to 40M
Shiner;www.shiner.co.uk;Clothing (Manufacturing);United Kingdom;40M to 50M
SIC Marking;www.sic-marking.fr;Manufacturing & Engineering;France;20M to 30M
Sievin Jalkine Oy;www.sievi.com;Manufacturing;Finland;50M to 75M
Sigmatek;www.sigmatek-automation.com;Electronics;Austria;50M to 75M
SIIM - Societe International d'Importation ;siim.net;Wholesale;France;75M to 100M
Silvasti;www.silvasti.com;Transportation;Finland;20M to 30M
Silverstone AB;www.silverstone.se;Import/Export;Sweden;20M to 30M
Simoldes Plásticos;www.simoldes.com;Motor Vehicle Retail;Portugal;75M to 100M
Simplicity Marketing Ltd ;www.simplicity-marketing.co.uk;Marketing;United Kingdom;40M to 50M
Simply Sparkling;www.simplysparkling.be;Manufacturing;Belgium;50M to 75M
Sioux Embedded Systems BV ;www.sioux.eu;IT Technology;Netherlands;20M to 30M
SKAZA D.O.O;www.skaza.si;Manufacturing;Slovenia;30M to 40M
SKD;www.skd-bojkovice.cz;Manufacturing & Engineering;Czech Republic;30M to 40M
SK-PSD Group;www.p-sdco.com;Wholesale;Bulgaria ;30M to 40M
Slam Jam;www.slamjam.com;Clothing;Italy;40M to 50M
Smet;www.smet.be;Food & Drink;Belgium;20M to 30M
Snack Connection BV.;www.snack-connection.nl;Wholesale;Netherlands;75M to 100M
Socarenam ;www.socarenam.fr;Manufacturing;France;50M to 75M
Socrate;www.socrateonline.it;Wholesale;Italy;20M to 30M
Socrep;www.socrep.it;Wholesale;Italy;20M to 30M
SoCura;www.socura.de;Business Services;Germany;20M to 30M
Sogrape Vinhos, SA;www.sograpevinhos.com;Food & Drink;Portugal;100M to 150M
Sokoa;www.sokoa.com;Manufacturing;France;75M to 100M
Solipac;www.solipac.fr;Wholesale;France;20M to 30M
Solutec;www.solutec.fr;IT Technology;France;50M to 75M
SOLVIS DOO;www.solvis.hr;Energy;Croatia ;30M to 40M
Sommer;www.sommer.eu;Electronics;Germany;75M to 100M
SOURSOS S.A.;www.soursos.gr;Food & Drink;Greece;20M to 30M
Space & Time Media Ltd;www.spaceandtime.co.uk;Professional Services;United Kingdom;75M to 100M
Spazio Maltempi;www.spaziomaltempi.com;Clothing;Italy;30M to 40M
SQS Group Ltd ;www.sqsltd.co.uk;IT Technology;United Kingdom;50M to 75M
SSI Group;www.ssi.cz;Professional Services;Czech Republic;20M to 30M
St. Nicolaus ;www.stn-trade.sk;Food & Drink;Slovakia;75M to 100M
Standard-Metallwerke;www.standard-metall.de;Manufacturing;Germany;50M to 75M
Stanglwirt ;www.stanglwirt.com;Travel/Leisure;Austria;30M to 40M
Steam'O;www.steamo.fr;Facilities Services;France;20M to 30M
STEINEL;www.steinel-professional.de;Electronics;Germany;150M to 250M
Stengel ;www.stengel-gmbh.de;Manufacturing;Germany;50M to 75M
Stenvalls Trä AB;www.stenvalls.se;Manufacturing;Sweden;100M to 150M
Sticks 'n' Sushi;www.sushi.dk;Food & Drink;Denmark;40M to 50M
Stöber ;www.stoeber.de;Manufacturing;Germany;100M to 150M
Story Homes;www.storyhomes.co.uk;Construction/Property;United Kingdom;150M to 250M
Straub Verpackugen;www.straub-verpackungen.de;Packaging Facilities;Germany;100M to 150M
Ströck;www.stroeck.at;Food & Drink;Austria;40M to 50M
Sunrise Medical Ltd;www.sunrisemedical.co.uk;Manufacturing;United Kingdom;40M to 50M
Supermac's;www.supermacs.ie;Food & Drink;Ireland;100M to 150M
Supermercados El Jámon;www.supermercadoseljamon.com;Food & Drink;Spain;150M to 250M
Swyx;www.swyx.com;IT Technology;Germany;30M to 40M
T & T Design;www.ttdesign.be;Retail;Belgium;20M to 30M
T&K Gallagher Ltd;www.gallagherltd.co.uk;Utilities;United Kingdom;50M to 75M
TAI Solutions;www.taisolutions.com;IT Technology;Italy;75M to 100M
TeamWork;www.teamwork.net;Business Services;France;20M to 30M
TECE;www.tece.com/en;Manufacturing & Engineering;Germany;150M to 250M
technetix;en-gb.technetix.com;Technology;United Kingdom;100M to 150M
Tecno-Gaz;www.tecnogaz.com;Manufacturing;Italy;20M to 30M
Tecno-Gru;www.tecno-gru.it;Engineering;Italy;30M to 40M
Tecnomatic;www.tecnomatic.it;Machining;Italy;20M to 30M
Tecofi;www.tecofi.fr;Manufacturing;France;30M to 40M
TelemaxX;www.telemaxx.de;IT Technology;Germany;30M to 40M
Templetuohy Farm Machinery ;www.tfmltd.com;Retail;Ireland;30M to 40M
Terran Tetocserep Gyarto KFT;www.terranteto.hu;Construction/Property;Hungary;20M to 30M
Terranova ;www.terranovasoftware.eu;IT Technology;Italy;20M to 30M
Terre de Lin;www.terredelin.com;Textiles;France;100M to 150M
terStal;www.terstal.nl;Retail;Netherlands;50M to 75M
Texla Industri AB;www.texla.se;Manufacturing;Sweden;10M to 20M
TFP SP Z.O.O. ;www.tfp.com.pl;Manufacturing;Poland;100M to 150M
The Bridge;www.thebridgebio.com;Food & Drink;Italy;30M to 40M
The Goodwood Estate;www.goodwood.com;Consumer Services;United Kingdom;50M to 75M
The Morrisroe Group;www.morrisroe.co.uk;Construction/Property;United Kingdom;150M to 250M
Thomas Johnstone Ltd ;www.tjl.com;Construction/Property;United Kingdom;50M to 75M
"T'HOOFT 
drukprojecten";www.thooft.be;Manufacturing;Belgium;20M to 30M
Timpson;www.timpson.co.uk;Consumer Services;United Kingdom;150M to 250M
Titan Gate JSC;www.titangate.com;Technology;Bulgaria ;20M to 30M
Tithebarn Limited;www.tithebarn.co.uk;Food & Drink;United Kingdom;40M to 50M
TM Technology AD;www.tm-technology.bg;Manufacturing;Bulgaria ;20M to 30M
TOMLINSON;www.gftomlinson.co.uk;Construction/Property;United Kingdom;100M to 150M
Toureen Group Ltd;www.toureengroup.co.uk;Construction/Property;United Kingdom;75M to 100M
Tozzi Green;www.tozzigreen.com;Green energy;Italy;30M to 40M
Traiteur de Paris;www.traiteurdeparis.fr;Food & Drink;France;30M to 40M
Transport Deplacements Services;www.groupe-tds.com;Transportation;France;30M to 40M
Transports de Savoie;www.transportsdesavoie.fr;Logistics;France;30M to 40M
Tratter Engineering;www.trattereng.com;Manufacturing;Italy;30M to 40M
Travaglini;www.travaglini.it;Manufacturing;Italy;40M to 50M
Travel Counsellors Ltd ;www.travelcounsellors.co.uk;Travel/Leisure;United Kingdom;150M to 250M
TravelTrex;www.traveltrex.com;Travel/Leisure;Germany;40M to 50M
Tribù;www.tribu.com;Manufacturing;Belgium;20M to 30M
TRICOR;www.tricor-verpackungen.de;Packaging Facilities;Germany;150M to 250M
Truckland BV;www.truckland.nl;Motor vehicle retail;Netherlands;75M to 100M
TÜNKERS ;www.tuenkers.de;Engineering;Germany;150M to 250M
UAB Juodeliai ;"www.juodeliai.com
www.juodeliai.lt
www.juodeliai.eu";Manufacturing;Lithuania;30M to 40M
Unicar;www.unicar-yale.it;Wholesale;Italy;20M to 30M
UniEléctricia Energía, SA;www.unielectrica.com;Energy;Spain;75M to 100M
Uniplan;www.uniplan.com;Professional Services;Germany;100M to 150M
United Caps;www.unitedcaps.com;Packaging Facilities;Luxembourg;30M to 40M
Ursapharm;www.ursapharm.de;Pharmaceutical/Science;Germany;100M to 150M
UTT Europe KFT ;www.utteam.com;Retail;Hungary;30M to 40M
Va.Pa.;www.vapasrl.com;Wholesale;Italy;30M to 40M
Valipile d.o.o.;www.valipile.hr;Agriculture/Farming/Forestry;Croatia ;20M to 30M
VASSALLO BUILDERS LIMITED;www.vbgl.com;Construction/Property;Malta;20M to 30M
VCHD Cargo a.s.;www.vchd.cz;Transportation;Czech Republic;20M to 30M
Vegro;www.vegro.nl;Health;Netherlands;30M to 40M
Veisto Oy;www.hewsaw.com;Manufacturing;Finland;40M to 50M
Velier;www.velier.it;Food & Drink;Italy;50M to 75M
Velox ;www.velox.com;Chemicals;Germany;150M to 250M
VELVE SIA;www.velve.lv;Engineering;Latvia;30M to 40M
Verla-Pharm;www.verla.de;Pharmaceutical/Science;Germany;50M to 75M
Vets Now;www.vets-now.com;Veterinary Services;United Kingdom;40M to 50M
Vichy Catalan;www.vichycatalan.com;Food & Drink;Spain;100M to 150M
Vidal;www.vidal.es;Food & Drink;Spain;75M to 100M
Viljandi;www.vau.ee;Manufacturing;Estonia;50M to 75M
Vinicola Mauri;www.vinicolamauri.it;Food & Drink;Italy;30M to 40M
Virto Group;www.virto.es;Food & Drink;Spain;250M+
Vision Support Services;www.visionsupportservices.com/;Wholesale;United Kingdom;40M to 50M
Vistatec;www.vistatec.com;Business Services;Ireland;20M to 30M
VITABIOTICS;www.vitabiotics.com;Health;United Kingdom;100M to 150M
Vitamin Well AB;www.vitaminwell.se;Food & Drink;Sweden;40M to 50M
Vitronic;www.vitronic.de;Technology;Germany;150M to 250M
Vizeum;www.vizeum.fi;Marketing;Finland;40M to 50M
Vogel-Bauer;www.vogel-bauer.de;Manufacturing;Germany;50M to 75M
Volatys;www.volatys.com;Food & Drink;France;20M to 30M
Vopi-4, S.A. ;www.vopi4.com;Construction/Property;Spain;75M to 100M
VOYAGES EMILE WEBER SARL;www.voyages-weber.lu;Services;Luxembourg;100M to 150M
VR46 Racing Apparel;www.vr46racing.it;Retail;Italy;20M to 30M
VSB Group;www.vsb.energy;Energy;Germany;50M to 75M
V-TAC Europe Ltd;www.v-tac.bg;Wholesale;Bulgaria ;75M to 100M
Wachtel;www.wachtel.de;Manufacturing & Engineering;Germany;30M to 40M
Wafios;www.wafios.com;Manufacturing & Engineering;Germany;150M to 250M
Waldner Technologie Medicali;www.waldner.co;Professional Services;Italy;30M to 40M
Walters;www.walters-uk.co.uk;Construction/Property;United Kingdom;50M to 75M
"Wasabi
sushi & bento";www.wasabi.uk.com;Food & Drink;United Kingdom;100M to 150M
WasteCare;www.wastecare.co.uk;Environmental services;United Kingdom;40M to 50M
Waterdrinker Aalsmeer B.V. ;www.waterdrinker.nl;Consumer Services;Netherlands;150M to 250M
Wayand;www.wayand.de;Manufacturing;Germany;50M to 75M
we are social;www.wearesocial.com;Media;United Kingdom;50M to 75M
Wedge Group Galvanizing Ltd;www.wedge-galv.co.uk;Construction/Property;United Kingdom;150M to 250M
Weihele-Holz;www.weihele-holz.de;Wholesale;Germany;20M to 30M
Weinrich;www.weinrich-chocolates.com;Food & Drink;Germany;100M to 150M
West Point Construction LTD;westpoint-construction.co.uk;Construction/Property;United Kingdom;40M to 50M
Western Building Systems Ltd;www.westernbuild.com;Construction/Property;United Kingdom;50M to 75M
What More UK Ltd ;www.whatmoreuk.com;Manufacturing;United Kingdom;50M to 75M
Whitemeadow Furniture;www.whitemeadow.com;Design & Manufacturing;United Kingdom;50M to 75M
Wicke;www.wicke.com;Manufacturing;Germany;100M to 150M
Wiegand;www.wiegand-tec.de;Manufacturing & Engineering;Germany;50M to 75M
Wiha;www.wiha.com;Manufacturing;Germany;75M to 100M
Wilcom BV;www.wilco.nl;Business Services;Netherlands;40M to 50M
Wilkhahn ;www.wilkhahn.com;Manufacturing;Germany;75M to 100M
WILLIAMS TRADE SUPPLIES LTD;www.williams.uk.com;Wholesale;United Kingdom;75M to 100M
Wincrantz Byggnads AB;www.wincrantzbygg.se;Construction/Property;Sweden;20M to 30M
Windmill Organics Ltd;www.windmillorganics.com;Food & Drink;United Kingdom;50M to 75M
WINI;www.wini.de;Manufacturing;Germany;30M to 40M
Winning Moves;www.winningmoves.co.uk;Consumer Services;United Kingdom;40M to 50M
WJ Group Ltd ;www.wj.uk;Facilities Services;United Kingdom;50M to 75M
World Trade;www.world-trade.be;Food & Drink;Belgium;30M to 40M
Xeretec;www.xeretec.co.uk;Business Services;United Kingdom;50M to 75M
Ymer Technology AB;www.ymer.com;Manufacturing & Engineering;Sweden;50M to 75M
YOU;www.you.fr;Manufacturing;France;20M to 30M
Your World Recruitment Group;www.yourworldrecruitmentgroup.com;Employment Services;United Kingdom;100M to 150M
Z+M Group;www.zmgroup.cz;Technology;Czech Republic;40M to 50M
Zalaco;www.zalaco.hu;Food & Drink;Hungary;10M to 20M
Zamora Company;www.zamoracompany.com;Food & Drink;Spain;100M to 150M
Zecchetti;www.zecchetti.it;Manufacturing;Italy;50M to 75M
Zener;www.zener.es;Telecommunications;Spain;100M to 150M
Zenkia Group ;www.zenika.com;IT Technology;France;20M to 30M
Ziaja Ltd Zaklad Produkcji Lekow Sp Z O O  ;ziaja.com;Pharmaceutical/Science;Poland;50M to 75M
Zimmermann;www.f-zimmermann.com;Machining;Germany;40M to 50M
Zippe;www.zippe.de;Manufacturing & Engineering;Germany;40M to 50M
Zlatarna Celje d.o.o.;www.zlatarnacelje.si;Retail;Slovenia;40M to 50M
ZT Bielmar SP Z.O.O.;www.bielmar.pl;Food & Drink;Poland;50M to 75M
